Company_ID,Company_Name,State,Years_Operation,Employees,Annual_Revenue_USD,Profit_Margin_Pct,Debt_to_Equity,Cash_Flow_USD,Loan_Amount_Requested_USD,Monthly_Recycling_Tons,Plant_Utilization_Pct,Collection_Efficiency_Pct,CO2_Saved_Tons,Operational_Cost_USD,Regulatory_Compliance_Score,Previous_Default,Credit_Score,Risk_Category
C001,"Garcia, Chase and Gonzalez",Colorado,7,108,1150819,2.87,1.01,962613,211592,427,62,95,5653,922596,62,No,41,High
C002,"Williams, Morgan and Sanders",Georgia,18,16,1554696,10.38,0.6,945913,289579,894,89,86,6438,1255622,78,Yes,61,Medium
C003,Mullen LLC,Florida,17,71,906851,16.21,0.44,-15853,453959,249,45,65,2697,691004,91,Yes,73,Medium
C004,Roberts Ltd,Colorado,5,25,2223167,11.69,0.5,948820,554422,286,58,83,4036,1454636,76,No,63,Medium
C005,Jackson-Dunn,Georgia,10,17,4365241,14.5,0.87,855471,498575,142,75,89,1060,2812092,100,No,66,Medium
C006,Roberts-Sherman,Texas,20,184,1686636,13.54,0.48,778316,934537,1322,45,89,4137,1492054,73,Yes,64,Medium
C007,Kline Inc,New York,16,205,1436783,10.24,0.6,296197,704901,1314,78,74,5477,977191,61,No,56,High
C008,"Watson, Moore and Bryant",Ohio,19,172,965847,5.68,1.15,32274,644095,1600,85,96,3849,661145,99,Yes,52,High
C009,"Clay, Andersen and Gibson",Texas,13,219,1476307,5.57,0.43,-7047,489277,1414,54,91,6744,853450,76,Yes,59,High
C010,Brown-Oliver,Colorado,17,64,3337162,14.18,0.78,200931,666496,480,45,98,7699,2961753,60,Yes,55,High
C011,Baker Ltd,Ohio,14,156,2170427,24.9,0.9,897409,266833,787,63,88,5880,1139680,98,No,74,Medium
C012,Thomas-Ortega,Florida,2,40,536057,10.79,0.14,732699,848489,565,61,67,4689,340965,71,Yes,68,Medium
C013,"Watkins, Lucas and Brennan",Arizona,20,164,1492744,9.08,0.92,990616,345075,1320,76,90,7898,927900,75,Yes,52,High
C014,"Rangel, Melton and Carter",Florida,7,134,842695,15.44,0.41,619322,112453,597,71,84,2100,573182,88,Yes,72,Medium
C015,"Howell, Gutierrez and Carter",Ohio,2,43,4183514,13.98,0.17,62523,622709,1838,56,63,1313,3264006,75,No,72,Medium
C016,Nash Group,New York,3,117,1257922,13.67,0.73,576584,660290,1182,83,84,7151,1075766,95,Yes,66,Medium
C017,"Mckenzie, Morales and Reid",California,4,228,4410504,8.85,0.34,145858,750407,1771,68,69,2624,3811133,76,No,64,Medium
C018,Webster and Sons,California,15,187,4396915,4.61,0.93,813752,184708,1231,65,71,6341,3422504,86,No,51,High
C019,Jenkins Ltd,California,20,33,2786933,5.72,1.16,210951,179293,603,85,65,3951,2281741,95,No,50,High
C020,"Robinson, Douglas and Smith",Georgia,8,204,3980404,4.56,0.99,536625,713998,1100,64,64,2171,3448242,98,Yes,54,High
C021,Bonilla-Franco,Arizona,3,161,1278150,6.18,0.71,-23569,372073,1037,85,97,6913,724775,87,No,57,High
C022,Nicholson LLC,Illinois,18,30,594376,7.0,0.15,728452,221989,1717,54,78,556,511133,73,Yes,65,Medium
C023,Gonzalez LLC,Georgia,9,205,3679119,10.87,1.06,-74260,967112,149,57,82,4348,1891168,94,Yes,57,High
C024,Pineda-Little,New York,8,96,2850077,11.82,0.38,203114,962944,1052,82,76,1551,1531079,86,No,69,Medium
C025,Franklin LLC,California,17,65,4012548,23.17,1.07,969337,952401,1256,54,74,4587,2331269,96,No,68,Medium
C026,Ortiz-Reid,Florida,12,155,1119816,24.32,0.11,727072,137937,1552,73,83,6200,953378,63,No,79,Medium
C027,Nunez Group,California,10,141,4394022,7.63,0.69,764439,425552,1720,84,93,3971,2541937,84,No,58,High
C028,"Hall, Davenport and Downs",Arizona,18,93,3308373,2.83,0.18,444694,696689,1272,67,65,5262,3001887,95,Yes,67,Medium
C029,"Mcknight, Johnson and Morris",Colorado,19,80,4374032,18.39,1.03,-81865,117450,1783,46,64,1983,3462523,90,Yes,63,Medium
C030,Obrien LLC,Colorado,16,168,4453833,5.0,0.76,66198,541522,1046,94,72,541,3767578,91,No,57,High
C031,Petty-Andrews,Texas,15,217,3361736,21.24,1.1,732007,337204,1358,71,60,6388,2203346,71,Yes,58,High
C032,Flores-Shepherd,New York,12,84,1219442,7.52,0.8,860833,552814,1007,51,97,4602,776079,63,No,50,High
C033,"Baker, Richardson and Singh",Florida,5,71,4742291,10.96,0.41,308310,266158,959,54,60,4467,3695145,97,No,71,Medium
C034,"Stanley, Houston and Whitaker",Colorado,7,239,931182,3.73,0.6,691084,562293,499,61,63,2808,602904,66,Yes,51,High
C035,Miller Group,Arizona,16,166,4835073,23.9,0.22,-7206,613244,1879,63,72,2825,3380271,64,No,76,Medium
C036,Quinn-Porter,Georgia,20,25,2653917,2.34,0.38,-51015,587224,603,80,75,6134,1910280,92,Yes,62,Medium
C037,Rodriguez Inc,California,6,188,1332380,24.71,0.45,142615,282612,815,68,62,1854,848243,63,No,72,Medium
C038,"Reyes, Hurst and Gilbert",California,9,75,1937907,22.92,0.75,961509,234621,748,71,76,7307,1259147,95,Yes,74,Medium
C039,Allen-Orozco,Washington,12,81,4744239,9.24,0.7,213922,559209,245,57,82,7387,4058087,73,No,56,High
C040,Martinez-Griffith,Washington,16,194,3639402,12.71,1.03,522424,285289,528,64,61,6209,2421598,95,Yes,59,High
C041,Solis Group,California,3,46,1526485,5.86,0.24,805892,366657,1025,88,74,3063,1046013,85,Yes,66,Medium
C042,Mcguire Inc,Ohio,15,74,4021714,23.53,0.24,834809,869478,972,51,71,4253,2187837,75,Yes,79,Medium
C043,Freeman Ltd,Washington,6,187,724525,8.84,0.2,634776,372957,233,84,81,5191,497485,64,No,63,Medium
C044,Holmes Ltd,Georgia,11,202,1641563,9.25,0.14,792104,228700,1926,57,77,2411,1264174,68,No,66,Medium
C045,Harris Group,Florida,6,26,2276629,4.11,0.92,880098,874014,819,46,82,2356,1965188,70,Yes,46,High
C046,Rosario Group,New York,19,231,2208712,2.86,0.45,-52009,907652,1745,92,93,885,1821644,82,Yes,58,High
C047,Cole LLC,Florida,12,66,691480,24.58,0.71,-98855,984742,1387,68,71,865,487679,67,No,68,Medium
C048,Logan-Briggs,Arizona,3,140,3264047,3.98,0.57,73286,981244,613,58,76,3708,1672782,95,Yes,61,Medium
C049,Sandoval Ltd,Illinois,17,23,1612366,20.78,0.45,716188,259136,335,95,81,6855,1425327,70,Yes,71,Medium
C050,"Baird, Henry and Stevens",Colorado,11,206,3075565,9.58,0.42,814201,178746,622,69,86,6560,2800782,69,No,61,Medium
C051,Greene and Sons,Illinois,10,87,1754121,14.0,0.61,-4213,277921,1380,54,79,7714,1007205,90,Yes,67,Medium
C052,Spencer Ltd,Arizona,3,41,3746271,22.79,0.37,318026,597943,1607,50,88,3041,1961555,92,No,81,Low
C053,Edwards-Davis,Arizona,17,19,3021847,22.94,0.34,909985,431732,1629,86,74,7821,2534133,81,Yes,78,Medium
C054,Myers-Hall,California,8,191,3665786,18.55,0.57,901412,990401,785,69,90,1781,1923293,98,No,75,Medium
C055,"Hammond, Wood and Ramirez",New York,4,185,2133521,13.17,1.15,177605,923683,1384,63,81,6897,1948903,93,No,57,High
C056,Figueroa-Young,Washington,11,230,2262185,19.44,0.15,850549,427609,338,86,62,3374,2039879,68,Yes,75,Medium
C057,"Owens, Nichols and Welch",Illinois,9,40,984337,5.8,0.16,547100,938903,1320,72,75,2307,767474,64,No,61,Medium
C058,Lewis Group,Florida,11,102,1606234,6.45,0.48,411276,978965,1661,88,79,4195,1360413,66,No,56,High
C059,Clark and Sons,Arizona,8,17,2125363,9.39,0.47,350795,602182,988,69,73,6769,1077864,72,Yes,61,Medium
C060,Pacheco Ltd,Florida,2,29,762671,17.84,0.23,484900,976423,1004,93,77,1911,671586,90,No,78,Medium
C061,Johnson and Sons,California,15,34,2404847,7.35,0.64,854803,790622,111,64,76,5402,1438334,99,No,64,Medium
C062,Jensen-Goodwin,Georgia,5,238,4358690,13.2,0.17,190875,488517,1850,69,79,5215,3167632,75,No,71,Medium
C063,Vaughn Group,California,11,204,4849650,23.08,0.86,760290,890457,1972,67,70,5363,3811074,78,No,67,Medium
C064,Mccormick LLC,New York,8,54,3526981,7.88,1.17,379535,889791,1515,59,66,1940,2816142,83,Yes,49,High
C065,Harrington-Weaver,Texas,2,19,2040845,6.82,1.14,800275,732792,348,74,70,5536,1072063,70,No,44,High
C066,"Powell, Rodriguez and Rosales",Florida,3,39,2172631,24.57,0.2,935387,189200,1378,86,95,960,1956122,88,Yes,85,Low
C067,"Briggs, Lucas and Schroeder",Washington,7,243,4095907,6.91,0.56,427563,326436,1562,60,66,3437,2379681,78,No,58,High
C068,"Williams, Thomas and Evans",Georgia,18,101,4721495,21.62,1.12,834606,151739,172,68,84,2553,3859103,87,No,63,Medium
C069,"Brooks, Bradley and Blake",New York,2,140,4630375,16.28,0.74,381302,141810,958,68,74,5678,3136055,75,Yes,62,Medium
C070,Christensen-Brown,New York,14,89,2823353,16.58,0.68,127724,519598,1510,57,86,6397,2411709,93,No,69,Medium
C071,Medina Group,Illinois,3,66,3193164,22.69,0.61,573325,902589,1306,63,72,2904,2743606,95,No,77,Medium
C072,"Rodriguez, Roberts and Bowman",Washington,9,34,1146971,11.47,0.43,-95155,777532,1441,65,71,4555,827322,64,No,61,Medium
C073,Lang Ltd,Illinois,4,239,3870293,11.21,1.18,82440,129492,1485,62,79,5263,3270396,83,No,51,High
C074,"Patterson, Townsend and Berry",Georgia,9,137,1489306,16.3,1.03,902416,367321,1718,72,95,2727,816836,88,No,60,Medium
C075,Estrada LLC,California,9,59,3097548,11.41,0.97,207870,797487,1257,89,81,7350,2249667,100,Yes,61,Medium
C076,Sullivan Inc,Colorado,14,201,1234958,10.4,0.84,902588,830437,1457,65,71,5940,1113958,72,No,54,High
C077,Ibarra-Cross,Arizona,19,87,683204,12.54,0.27,636825,182638,1336,66,69,2222,560842,80,Yes,70,Medium
C078,Harris PLC,Washington,8,126,4707443,20.25,0.76,372270,943580,1909,48,97,5799,3313455,65,No,63,Medium
C079,Paul LLC,Georgia,13,147,4260529,3.35,0.34,184326,893991,1731,91,62,2741,2291559,71,Yes,58,High
C080,"Conway, Reyes and Johnson",New York,7,147,1723654,11.5,0.44,67003,128700,795,61,81,5656,957109,74,Yes,64,Medium
C081,Richardson and Sons,Georgia,13,114,2551440,4.28,0.55,-41278,476617,522,59,71,1763,1846864,89,No,60,Medium
C082,Butler and Sons,Illinois,7,106,1049842,23.22,0.32,238301,761592,1367,72,87,3132,910337,76,Yes,77,Medium
C083,Davis-Baker,New York,15,228,4421704,24.53,0.94,29252,480103,737,53,91,4884,4115833,64,No,62,Medium
C084,"Marquez, Turner and Jones",Washington,3,93,982610,21.83,0.52,-16518,343265,712,65,83,6145,604841,98,No,79,Medium
C085,"Owens, Martin and Jennings",Texas,2,85,3314114,23.27,1.13,239943,918839,338,68,63,4080,1902336,78,Yes,62,Medium
C086,Jones Inc,Colorado,14,81,4489935,18.87,1.17,207903,509632,1832,84,85,6345,2683499,63,No,52,High
C087,Hart Group,Ohio,20,103,2623157,8.31,0.22,194571,368709,1631,45,89,6282,1502625,90,Yes,70,Medium
C088,"Lane, Fernandez and Bryant",Arizona,19,168,4648815,3.5,0.56,400735,929688,1376,60,64,4368,3882358,65,Yes,51,High
C089,"Cunningham, Hoffman and Smith",New York,2,55,2885633,23.15,0.98,670112,300538,1763,75,79,1292,1550553,100,Yes,71,Medium
C090,"Smith, Perkins and Hanson",Illinois,2,81,4883199,7.03,0.4,93376,392047,1649,65,79,1681,3072287,73,Yes,60,Medium
C091,Davis LLC,New York,4,76,575058,24.03,0.43,134617,129417,1162,54,69,5891,387879,76,No,76,Medium
C092,Woodward-Jackson,Georgia,14,70,1107575,3.16,0.6,841370,707264,513,79,95,1651,867733,85,Yes,56,High
C093,"Williams, Mullins and White",Arizona,12,231,698431,10.23,1.05,637542,153678,530,84,73,7745,586152,62,Yes,47,High
C094,Walker and Sons,Ohio,7,176,2422210,5.12,0.3,-44932,762122,1523,83,80,6923,1771662,63,No,58,High
C095,Hall Group,Arizona,12,40,3432828,9.24,0.64,155394,893013,659,62,83,1455,3070760,71,No,57,High
C096,Hunt-Dean,Texas,14,215,1476204,22.7,0.39,742381,162364,1101,88,85,7755,1012845,68,No,73,Medium
C097,"Brown, Williams and Bennett",Texas,2,229,2717245,7.33,0.52,457515,764922,103,63,66,5034,2208805,85,No,62,Medium
C098,"Blackwell, Cox and Morales",Colorado,8,167,3285358,7.22,0.73,365558,851596,1005,86,94,4818,1761239,91,Yes,59,High
C099,Martinez-Taylor,Arizona,15,165,3519074,9.88,0.98,309036,655309,387,76,72,5469,1935534,72,No,51,High
C100,Thomas Group,Texas,4,28,2601070,15.71,0.56,393649,727573,1935,73,62,4429,1908968,66,No,63,Medium
C101,Kline LLC,Ohio,12,128,2439129,7.93,0.62,837272,460945,1859,72,67,2033,2269861,97,Yes,64,Medium
C102,"Ramirez, Murray and Jennings",Ohio,13,144,1664183,19.34,0.61,555694,208371,1183,63,90,5929,1243204,97,Yes,74,Medium
C103,Ortiz Ltd,California,4,240,3996757,11.37,0.34,705343,155886,1998,58,63,1053,3320421,90,Yes,70,Medium
C104,Gonzalez-Jordan,New York,16,59,3036194,24.96,0.33,615340,567356,1376,46,65,1234,1646542,90,Yes,83,Low
C105,"Reyes, Taylor and Ayala",Colorado,14,15,2925359,19.04,0.97,339510,178724,1501,91,73,3061,1801138,93,Yes,66,Medium
C106,Aguilar-Francis,California,5,85,1286847,4.53,0.24,-37887,426489,1270,82,98,3450,830440,62,No,58,High
C107,"Martinez, Martinez and Wilcox",Georgia,11,47,4939539,14.47,0.87,292526,164743,1354,66,91,3759,3949525,81,No,60,Medium
C108,Alexander-Gardner,Texas,6,166,1932270,19.11,0.5,651758,479650,712,85,69,3697,1643993,89,Yes,74,Medium
C109,Taylor and Sons,Illinois,17,30,2171598,20.45,0.42,831812,553127,331,73,66,4031,1385898,96,Yes,79,Medium
C110,Lane-Williams,Arizona,14,101,1990068,6.95,1.1,255883,148547,1868,61,75,1308,1213718,94,No,52,High
C111,Walton Inc,Washington,2,191,678582,17.75,0.47,561377,208174,1113,87,93,5706,406984,79,No,70,Medium
C112,Perry LLC,Georgia,3,37,1876608,13.21,0.3,722996,558750,1553,69,78,7306,1735425,79,No,70,Medium
C113,Reeves Group,Florida,11,29,833431,13.79,0.9,791734,777187,427,64,68,926,667890,60,Yes,52,High
C114,Mcdonald PLC,New York,3,190,4676602,4.4,0.61,106176,176931,582,78,63,5246,4008444,95,No,60,Medium
C115,Robinson-Bowman,Illinois,10,97,2350392,16.01,0.9,234188,894712,1056,45,82,2981,1470108,62,Yes,55,High
C116,"Price, Johnson and Martinez",Illinois,13,124,507064,14.55,1.13,850203,390709,186,67,82,3128,376337,74,Yes,53,High
C117,Jones-Martinez,Illinois,12,158,3493510,8.97,1.09,255083,778889,1904,64,85,836,1968003,88,Yes,53,High
C118,Douglas and Sons,Ohio,17,184,2461921,3.29,0.75,862013,465077,1111,75,91,6730,1433675,69,No,49,High
C119,White and Sons,Arizona,3,110,3239566,17.81,0.12,527914,596773,812,93,77,3994,2979568,86,Yes,79,Medium
C120,Glenn-Cordova,Arizona,6,48,3269906,2.35,0.11,545677,809434,115,95,98,3855,1740282,76,No,63,Medium
C121,Molina-Franklin,Colorado,10,71,943603,8.87,0.31,301030,819071,1101,78,79,2839,746240,74,No,64,Medium
C122,Williams-Hernandez,Colorado,10,176,4392286,11.91,0.12,700845,174706,879,91,80,7870,3962530,65,No,68,Medium
C123,"Vaughn, Atkinson and Perez",Florida,7,74,4909652,19.51,0.58,211970,816274,859,84,98,3411,3717527,92,No,74,Medium
C124,Brooks-Stanley,Texas,19,209,4646223,20.62,0.11,996916,128758,547,57,98,7458,4160606,88,No,83,Low
C125,Perez-Campos,New York,3,236,2823527,14.17,0.75,873492,604207,126,77,91,6717,1460050,72,No,59,High
C126,Malone Group,California,15,247,3371027,16.14,0.74,790367,309514,1650,88,66,7352,3039124,83,No,65,Medium
C127,Warren Inc,Illinois,7,102,1537484,7.98,0.23,-12007,340721,276,88,71,3510,1364096,66,No,62,Medium
C128,"May, Peters and Jones",Georgia,18,60,1679347,12.85,0.49,63289,398210,428,68,80,3422,1199388,72,No,63,Medium
C129,Wells Group,New York,20,41,568320,12.68,0.67,213333,216430,806,50,69,2626,354134,74,Yes,60,Medium
C130,Carter LLC,Arizona,12,157,4100338,3.24,0.3,291826,923128,1045,89,74,4961,2178885,69,No,58,High
C131,Hanna Inc,Illinois,9,175,1682303,23.62,1.15,109583,875142,173,72,73,3573,1309985,94,No,66,Medium
C132,Cervantes-Williams,Illinois,12,45,4072440,13.4,0.51,631043,849000,1055,74,81,3455,3522119,96,No,71,Medium
C133,Collins-Beck,Florida,20,247,2299181,13.88,0.24,549504,922925,555,76,91,1764,2104208,90,No,75,Medium
C134,Jones-Potter,Florida,3,145,4422832,6.15,0.52,384856,730366,1820,75,78,5797,3713589,96,No,64,Medium
C135,"Anderson, Reilly and Velasquez",Georgia,8,16,1603596,12.66,0.49,205414,464513,995,72,89,732,1089090,84,No,67,Medium
C136,"Fitzpatrick, Ramirez and Mayer",Arizona,20,186,2406958,6.19,1.19,86156,367789,862,66,95,5457,2142018,84,No,47,High
C137,Brown Inc,Texas,15,197,2027851,2.84,0.11,549729,158230,906,61,75,6026,1343510,61,Yes,59,High
C138,Reynolds-Peters,California,14,46,3694287,8.77,0.8,166702,700365,1460,64,97,7528,3319085,68,No,52,High
C139,"Washington, Parker and Cox",Ohio,4,145,4896331,4.67,0.86,587570,153773,1688,73,63,3583,3432749,68,No,47,High
C140,"Sanchez, Brown and Craig",California,11,250,1696932,6.08,0.29,685719,316741,242,55,68,4690,933533,67,No,60,Medium
C141,"Ashley, Faulkner and Castaneda",California,11,148,3140884,12.28,0.38,-93069,626531,1752,95,98,2910,2095298,64,Yes,63,Medium
C142,Francis-Reynolds,Texas,15,172,1796752,12.67,0.92,930146,270494,741,52,66,6777,1529905,100,Yes,63,Medium
C143,"Rogers, George and Matthews",Colorado,17,138,1596235,5.31,1.0,427641,183331,735,90,86,7272,1050585,60,No,43,High
C144,"Howard, Callahan and Johnson",New York,4,180,1201633,24.0,0.69,950104,902039,967,93,78,4835,894364,74,No,70,Medium
C145,Harrison-Gonzalez,Texas,5,168,3999624,3.63,0.82,962858,794150,808,71,88,1304,2391449,63,No,46,High
C146,"Sherman, Richard and Maynard",Arizona,20,29,830298,2.67,1.09,283412,746437,1663,58,86,2532,544839,97,Yes,50,High
C147,House-Green,Ohio,6,129,2081314,18.63,1.01,442241,903705,106,93,92,3532,1065281,99,No,66,Medium
C148,"Holland, Smith and Sanders",California,15,209,3694678,9.34,0.22,819069,629135,1791,83,95,1361,3090909,90,Yes,71,Medium
C149,Petersen-Brown,Texas,13,96,2827188,6.65,0.15,653626,270742,1979,92,87,2063,1699806,69,Yes,64,Medium
C150,Bishop LLC,Colorado,6,186,2228414,21.76,0.98,838779,800113,169,47,75,875,1434016,88,No,66,Medium
C151,Jensen-Rocha,Florida,12,221,1455426,8.98,0.23,970015,854330,1157,72,78,6690,1144557,64,Yes,63,Medium
C152,"Mccarty, Underwood and Nash",Georgia,11,49,2146478,4.55,1.0,193780,360798,1492,81,74,3943,1742341,67,No,44,High
C153,"Martin, Love and Nelson",Texas,10,76,3900705,15.45,0.32,482117,132011,1341,46,83,6727,2386148,87,Yes,74,Medium
C154,"Ray, Anderson and Smith",California,6,109,3351539,11.19,0.98,59384,115316,1816,89,70,6581,1696500,90,Yes,57,High
C155,Morris Ltd,Colorado,4,56,4446472,17.03,0.94,630375,488266,429,91,74,5368,4192370,68,Yes,57,High
C156,Adams PLC,Texas,17,159,4641029,23.68,0.42,710413,551441,1087,60,90,4390,4090450,65,No,72,Medium
C157,"Wilkins, Walsh and Paul",Washington,20,69,4754550,23.72,0.9,24133,748756,1404,45,83,7715,2661140,76,No,66,Medium
C158,Cook-Bennett,Washington,15,65,1045145,7.21,0.96,585295,152583,236,56,85,7982,685017,69,Yes,48,High
C159,Ruiz Inc,Texas,8,72,934345,19.97,0.77,-1728,398748,609,89,86,6281,668275,92,Yes,70,Medium
C160,"Ray, Wright and Wood",Washington,3,207,1948334,21.56,0.23,776781,826529,599,70,68,1618,1270761,63,Yes,74,Medium
C161,Smith-Shannon,Texas,20,85,1077890,18.15,0.49,110213,283456,1318,61,64,2456,841793,78,No,70,Medium
C162,Nash-Owen,Colorado,14,56,1059295,15.95,1.2,811961,890407,195,51,95,3736,636159,76,No,53,High
C163,Johnson-Hoffman,Georgia,13,37,624894,21.37,0.77,774993,634739,1164,57,62,3036,490553,85,Yes,69,Medium
C164,"Ruiz, Williams and Jackson",Florida,5,19,2740776,18.03,0.97,884404,472021,1254,51,60,4076,2212562,64,No,56,High
C165,"Vargas, Kelly and Washington",Texas,3,54,1250733,22.84,0.1,266887,259283,1584,68,78,6436,763545,69,Yes,79,Medium
C166,"Clark, Sullivan and Bird",Arizona,4,175,2508632,5.91,0.64,89494,333152,473,55,70,1479,2217046,98,Yes,62,Medium
C167,Bell Inc,Colorado,2,72,4875969,22.45,1.19,924315,263071,1770,86,89,2807,4283086,100,No,66,Medium
C168,Williams and Sons,Washington,12,42,1631096,8.3,0.71,947524,358137,695,82,62,6317,963960,64,No,52,High
C169,Mendoza LLC,Ohio,2,24,3279343,23.33,0.92,-77265,458896,1338,91,96,4182,2223536,63,Yes,61,Medium
C170,Ramirez Ltd,California,13,124,4455202,9.51,0.64,248424,233961,296,59,72,2772,2710492,97,Yes,65,Medium
C171,Terrell Inc,California,5,156,3756873,18.8,0.59,-27114,986370,830,84,61,4976,3507207,63,No,64,Medium
C172,Gordon-Spence,Ohio,14,244,2646039,8.63,0.94,264848,174716,1181,93,96,6834,1826095,61,Yes,47,High
C173,Paul PLC,Georgia,10,69,3102273,21.11,0.94,848963,781651,1904,69,95,1495,2395574,91,No,67,Medium
C174,Kane-Castaneda,Florida,6,93,1842534,9.42,0.75,771277,395069,498,55,61,6704,1313536,84,Yes,59,High
C175,Jones Inc,Georgia,3,242,3376832,4.05,0.95,539288,339227,208,60,95,5659,1820970,89,No,51,High
C176,Mendez-Williams,New York,7,227,1882037,3.45,0.54,424071,452236,538,82,67,7887,1003885,88,No,59,High
C177,Coleman-Barber,Ohio,16,229,1983903,22.12,0.34,-6630,270429,856,50,67,3938,1255138,62,No,72,Medium
C178,Harvey-Baker,Georgia,10,176,4163502,10.96,0.44,713256,511845,230,83,89,5768,2357668,80,No,65,Medium
C179,"Baker, Wood and Richard",Arizona,6,27,3896749,23.08,0.19,702129,164032,1422,49,75,4419,1972091,75,Yes,79,Medium
C180,Duran Ltd,Georgia,17,239,3681221,4.33,1.17,714477,381151,399,60,88,4037,2009726,82,Yes,45,High
C181,"Murray, Wright and Jensen",Texas,10,46,3334331,24.89,0.92,317917,712932,1658,94,66,5512,1926799,63,Yes,63,Medium
C182,Davis and Sons,Ohio,15,176,3386577,18.31,0.28,707706,659407,1647,46,67,1967,2371914,63,No,70,Medium
C183,"Conley, Wood and Cruz",Washington,14,227,2756399,17.52,0.42,242589,990611,1021,95,96,4929,1848423,69,No,68,Medium
C184,Gomez LLC,California,8,98,3144491,21.29,1.2,937949,691146,386,81,83,5372,1780187,87,Yes,61,Medium
C185,Brooks-Porter,New York,2,76,3623489,15.44,1.05,475824,579604,378,48,67,3464,2819537,71,No,54,High
C186,Parker-Norris,California,9,93,1404188,8.57,0.86,155320,828547,1303,57,95,7060,1165364,65,Yes,50,High
C187,"Walter, Rosales and Morales",Illinois,20,222,2529491,14.85,0.91,194499,241286,338,94,75,3686,2220911,97,Yes,64,Medium
C188,Palmer PLC,Washington,6,215,2235970,24.62,1.1,416433,383830,899,68,76,4046,1668058,72,Yes,62,Medium
C189,Munoz Group,Colorado,2,99,4230904,12.38,0.48,565058,610602,692,65,91,6365,3371670,78,Yes,65,Medium
C190,Whitaker-Meyer,New York,3,93,1414254,3.38,0.29,718637,301230,1824,73,78,895,1119035,96,Yes,66,Medium
C191,Williams LLC,Texas,14,25,1422948,18.44,0.19,8740,905613,1550,48,85,6003,877367,84,No,78,Medium
C192,Estrada-Juarez,California,16,92,4258326,3.02,0.46,377605,971306,224,82,91,5086,2308461,91,No,61,Medium
C193,"Kelly, Ruiz and Jones",Texas,8,233,4806072,9.65,0.24,754940,685605,746,82,69,3033,3768191,96,No,73,Medium
C194,Parker-Carter,Georgia,4,137,4521033,17.01,0.22,450799,614426,678,77,88,2370,2522723,67,No,71,Medium
C195,Barton Inc,Florida,13,79,2875378,22.6,0.63,38414,535758,294,88,97,3681,1907926,82,Yes,72,Medium
C196,Ramsey LLC,Illinois,4,73,4134899,10.79,0.61,775331,654968,1082,45,73,5628,3551603,70,No,59,High
C197,"Peterson, Morse and Miller",Florida,2,170,2688274,11.82,0.61,-26078,729062,1108,73,97,5681,1884236,87,Yes,65,Medium
C198,Munoz-Kelly,Georgia,11,183,827496,11.34,0.5,787469,750183,1164,72,78,7995,547178,66,No,60,Medium
C199,Jordan-Stone,California,12,250,2056964,14.26,0.67,-76846,918136,612,56,83,7392,1315065,67,No,60,Medium
C200,Crawford-White,California,9,22,2909895,5.59,0.72,695451,575145,1344,84,80,3675,2500924,80,Yes,55,High
C201,Jensen LLC,Georgia,18,152,4197823,14.18,0.11,513696,457617,870,55,83,7419,3498131,74,Yes,73,Medium
C202,Palmer-Johnson,Ohio,12,144,3035733,21.95,0.76,-85269,993041,1895,81,89,2821,1696022,70,Yes,66,Medium
C203,Flores PLC,Washington,19,137,1244615,10.18,1.16,-87254,276955,747,90,62,7303,838503,95,No,54,High
C204,Bell PLC,Washington,19,23,3577993,5.01,0.43,92994,549451,269,74,90,2776,2524471,65,No,55,High
C205,Fletcher-Durham,Colorado,18,110,4978982,16.82,1.09,580164,360423,1726,79,73,7289,3863327,83,Yes,58,High
C206,Miller-King,California,17,55,1653253,15.01,0.79,670408,689351,373,93,97,4406,1232438,81,Yes,62,Medium
C207,"Alexander, Christensen and Johnson",Ohio,3,249,3840125,10.52,0.71,-55402,442879,904,88,91,5734,3129687,86,No,61,Medium
C208,"Miller, Thompson and Pope",Colorado,15,137,2304854,9.45,0.85,-40225,809289,583,45,69,6020,1601928,77,No,55,High
C209,Roberts Group,Washington,4,227,1554484,9.83,0.95,975116,990100,943,57,90,2471,918926,76,No,53,High
C210,Petersen-Mccormick,California,15,61,1784025,12.34,0.47,967515,214722,1049,69,77,3596,974583,85,No,67,Medium
C211,Hood-Vang,Colorado,13,226,4442081,24.54,0.51,455927,915243,1696,73,66,4603,2558369,74,Yes,74,Medium
C212,Payne and Sons,Colorado,19,143,748267,21.72,0.94,128456,755152,393,47,87,6179,445717,80,Yes,65,Medium
C213,Walters-Grant,New York,20,121,2097259,20.64,0.2,-21257,667264,375,94,69,2546,1382058,96,Yes,83,Low
C214,"Nelson, Johnson and Miller",Colorado,7,92,1482435,8.57,0.64,112973,830498,135,87,63,4784,742379,80,Yes,59,High
C215,Perez Inc,Ohio,16,182,3640626,7.13,0.64,188203,177754,855,84,96,3526,2970195,73,Yes,56,High
C216,"Gordon, Mcguire and Vasquez",Florida,7,147,3823708,12.62,0.71,-48747,533593,1370,61,67,5561,3333134,81,No,61,Medium
C217,White-Tyler,Arizona,4,196,4857615,23.14,1.14,659118,947419,1137,63,96,4957,3531691,62,Yes,57,High
C218,"Turner, Summers and Lynch",Georgia,20,122,1453886,24.31,0.16,678513,680501,1739,48,98,2994,931642,84,No,84,Low
C219,Davenport-May,Florida,12,216,1035477,5.36,0.41,347706,180467,1154,60,92,4418,692682,85,Yes,62,Medium
C220,Perez-Wilson,Georgia,12,44,2575649,23.86,0.33,260001,684329,1585,85,61,5591,2117966,80,Yes,79,Medium
C221,"Harris, Gonzalez and Howell",Illinois,13,65,678923,17.86,0.62,967538,183537,1751,58,84,2056,400587,62,Yes,62,Medium
C222,Price Group,Florida,17,48,3964481,11.93,0.88,767134,459247,727,86,95,7360,2118154,98,Yes,63,Medium
C223,Miller-Guzman,Colorado,9,201,3997058,23.68,0.23,711586,579445,1306,50,83,4478,3498998,87,Yes,83,Low
C224,Martinez-Buchanan,Illinois,19,62,3782991,19.85,0.48,239185,967701,149,46,91,684,2344749,61,No,67,Medium
C225,Sullivan-Cruz,Texas,4,25,3601105,19.65,0.2,-22652,112538,941,70,73,6883,2463048,98,Yes,83,Low
C226,"Whitney, Rice and Flores",Colorado,5,88,3923495,6.28,0.76,182131,390283,1348,95,91,2206,3606033,62,No,49,High
C227,"Alexander, Gonzalez and Smith",California,18,242,1508296,18.15,0.75,-36958,436613,882,82,98,3239,880873,77,No,64,Medium
C228,Bailey Group,Georgia,4,180,2494640,22.76,1.02,440093,993127,132,53,66,4270,2137801,65,Yes,60,Medium
C229,Hunt Ltd,New York,6,151,1704683,21.35,0.91,73664,159946,1651,92,62,2762,1133673,89,No,68,Medium
C230,Beard-Barton,California,2,78,2163243,10.6,0.73,159279,783201,1727,73,82,2427,1107319,96,No,64,Medium
C231,Castaneda-Johnson,New York,9,113,4755689,4.74,0.47,547211,230209,156,90,95,5316,3853785,65,Yes,54,High
C232,White-Delacruz,New York,16,167,3498829,6.3,0.28,-40003,646775,1542,55,94,6203,2476495,64,No,59,High
C233,Foster Ltd,Washington,10,119,1281175,9.96,0.85,639697,962888,115,45,86,3672,1090389,76,No,55,High
C234,Rice-Peterson,New York,18,166,4912404,24.73,0.19,581514,702083,1059,69,69,6565,3525029,93,No,86,Low
C235,Arnold Ltd,California,16,186,3345048,9.64,0.97,180273,614889,1364,49,74,4879,2896038,65,No,49,High
C236,Simmons Ltd,California,19,186,2097594,2.95,0.57,622802,575368,1482,53,82,718,1598931,84,No,56,High
C237,Green-Watson,Florida,20,21,550085,2.78,0.62,137204,591050,930,78,95,4620,310708,70,Yes,51,High
C238,"Mercer, Fernandez and Harris",Arizona,14,137,1990886,17.12,0.95,406309,996883,144,90,80,3455,1039189,73,No,58,High
C239,"Jackson, Mendoza and Evans",Florida,4,70,3401451,15.25,0.36,706616,991943,1085,67,65,7007,1816225,79,Yes,70,Medium
C240,Charles Inc,Texas,14,224,3035767,4.25,0.16,974703,512361,473,66,82,5249,1967704,97,Yes,70,Medium
C241,Richmond-Lee,California,12,211,631667,8.72,0.33,899194,389156,239,90,91,3862,474373,92,No,69,Medium
C242,Howard Ltd,Texas,11,165,4115766,19.39,0.21,668818,154114,1234,72,74,3636,3824550,76,No,76,Medium
C243,"Vega, Santos and Johnson",Arizona,15,79,1915892,5.78,0.34,731149,357898,872,65,61,3302,1097899,76,No,61,Medium
C244,Blair-Velazquez,California,17,24,2833681,3.85,0.45,432747,244948,1764,56,85,1124,2382202,73,Yes,56,High
C245,Ross Ltd,Texas,9,174,1596014,21.42,0.19,54189,230033,1876,75,98,4635,1024988,84,Yes,81,Low
C246,Riley-Snow,Washington,20,157,2479447,20.2,0.68,364645,386662,1758,52,86,3546,1271238,99,Yes,74,Medium
C247,Scott LLC,Florida,2,56,3990743,5.9,1.06,-14668,591368,1567,95,92,6166,3581473,68,Yes,45,High
C248,Medina LLC,Illinois,18,185,3459651,19.2,0.48,997678,501976,1912,52,78,710,2316247,64,No,67,Medium
C249,Stewart-Gordon,Washington,17,88,3023695,16.39,0.98,546621,377845,1978,93,93,6429,1647686,100,Yes,65,Medium
C250,Johnson-Weeks,Texas,17,70,2905144,13.57,0.4,504261,956393,1406,71,61,7899,1743106,93,No,72,Medium
C251,Burke Inc,Colorado,13,99,4523684,13.25,0.17,320405,981132,135,88,70,7586,3027242,60,Yes,67,Medium
C252,"Gay, Martin and Morgan",Texas,7,76,2246170,11.83,0.7,515527,739053,1766,85,82,1081,1831780,94,No,65,Medium
C253,"Diaz, Wilson and Buckley",Florida,8,184,4066820,18.06,0.17,851736,117196,608,88,64,7933,2084213,82,Yes,77,Medium
C254,Arnold and Sons,Ohio,17,73,1500863,18.51,0.57,701650,262603,1094,69,98,1499,1367787,90,Yes,72,Medium
C255,Carpenter-Watts,New York,13,124,3332750,24.72,0.94,650892,862758,637,72,92,3704,2055689,69,No,64,Medium
C256,Davis LLC,Ohio,4,227,2124401,16.29,0.3,417871,544753,1010,64,63,7839,1301660,61,Yes,67,Medium
C257,"Ortiz, Wood and Cox",Washington,18,54,2350302,6.3,0.71,464018,141582,312,90,87,4461,2000895,63,Yes,50,High
C258,"Thomas, Freeman and Mendoza",Washington,12,198,2933995,9.4,0.25,13052,785262,1838,77,76,3501,1826127,84,Yes,69,Medium
C259,Jensen-Cherry,Georgia,10,183,601138,3.79,1.16,681714,742288,1249,61,86,7070,324633,93,Yes,48,High
C260,Stephenson Group,Georgia,9,82,2896605,17.8,0.83,157140,137255,1171,94,69,6674,1633661,98,No,69,Medium
C261,Hawkins Ltd,Texas,11,56,3267279,18.94,0.43,28453,929720,1300,80,98,986,1814252,90,Yes,75,Medium
C262,"Love, Page and Garcia",Florida,4,220,3920822,9.22,0.25,940257,285956,960,47,71,7499,1982928,86,No,69,Medium
C263,Gonzalez Group,Georgia,7,94,3558413,16.51,1.02,424926,453846,622,77,60,6220,2305715,65,Yes,54,High
C264,"Estes, Carter and Garcia",Washington,5,136,3009377,6.6,1.18,777874,686255,241,54,85,2388,2163647,68,No,43,High
C265,"Ingram, Morales and Gilbert",Washington,11,181,2772954,7.41,0.91,419061,578023,783,92,72,4658,2068055,81,Yes,53,High
C266,Butler-Russell,Arizona,6,204,3238439,19.29,0.17,560435,894912,484,93,79,4857,2666493,86,Yes,80,Low
C267,"Rice, Richardson and Holland",Arizona,19,164,3838048,2.82,0.66,104149,483171,1081,92,62,3973,3614550,87,No,55,High
C268,Carr-Carr,Colorado,4,178,4535497,17.48,0.95,541716,198621,711,89,68,4363,3896938,96,Yes,66,Medium
C269,Garcia-Davis,Colorado,15,40,3348707,8.89,1.14,238820,722200,1368,54,87,3804,2343222,87,No,51,High
C270,Woodward Inc,Arizona,20,191,4305756,9.13,0.28,89072,421542,1977,54,85,3780,2390152,60,No,61,Medium
C271,Hood-Carroll,Arizona,9,67,831292,6.55,0.59,-67176,409008,1104,55,97,5811,502116,93,No,62,Medium
C272,"Spears, Jacobs and Allen",Colorado,16,33,1471985,20.16,0.12,448992,627302,633,78,96,799,790766,76,Yes,79,Medium
C273,Hudson PLC,Arizona,20,109,1574583,9.98,0.29,37092,254129,1654,50,91,6603,1211928,83,Yes,68,Medium
C274,Bennett LLC,Colorado,11,208,2840287,10.28,0.83,296777,353671,115,59,60,1934,2511990,88,Yes,59,High
C275,"Nichols, Orr and Rosario",Georgia,10,95,3558170,22.85,0.16,776414,263797,693,82,86,7464,1834853,99,No,87,Low
C276,Peterson LLC,Arizona,16,242,1747915,24.12,1.2,-49492,367814,306,90,94,2515,995268,60,Yes,56,High
C277,Pollard-Cisneros,Colorado,14,31,3403650,21.52,0.87,152022,784290,1690,45,92,2093,2068132,72,Yes,64,Medium
C278,Davidson PLC,Florida,20,250,1504494,20.66,0.17,866552,542188,868,70,91,2704,761656,66,Yes,75,Medium
C279,Erickson-Dean,California,6,250,2171587,23.42,0.35,646738,877466,1244,86,98,6519,1746615,70,No,75,Medium
C280,"Wade, Walker and Baldwin",Arizona,20,93,839173,5.51,0.71,436689,464572,1463,63,80,7142,600745,80,Yes,55,High
C281,"Bush, Nguyen and Gamble",Colorado,8,21,4310334,19.85,1.09,312802,193710,466,46,95,5028,3415094,77,No,59,High
C282,Hansen and Sons,Washington,5,172,3760089,9.76,0.6,775326,268405,1648,84,85,2529,2439542,89,Yes,63,Medium
C283,Wallace-Lewis,Arizona,14,27,2573069,11.53,0.72,468354,254028,382,79,92,5761,1867415,75,Yes,58,High
C284,"House, Lara and Rogers",New York,20,138,3604357,17.46,0.3,835172,203285,1722,50,85,3679,3024936,91,Yes,77,Medium
C285,Campbell Group,Illinois,8,119,2271597,20.81,0.24,450488,203985,675,95,68,7062,1242924,66,Yes,74,Medium
C286,"Lamb, Kelley and Peterson",Texas,19,149,1287839,9.72,1.04,799221,412495,1241,95,97,962,652155,100,Yes,58,High
C287,Martin-Holden,Georgia,17,210,2867261,6.21,0.45,58866,205133,790,85,76,3559,2673913,64,No,56,High
C288,"Caldwell, Fields and Garrett",Florida,7,181,4512743,18.29,1.15,69115,454558,899,87,96,5353,3558113,90,No,60,Medium
C289,"Wiley, Ibarra and Smith",California,10,178,3324928,17.54,1.1,408037,721990,342,51,85,5984,2685676,84,No,59,High
C290,Roberts Inc,New York,7,195,3122997,7.04,0.46,-84476,681846,1253,60,98,7358,2642900,82,Yes,62,Medium
C291,Miller-Washington,Georgia,4,20,2676514,20.57,0.83,426217,399662,875,60,62,4289,2537572,82,Yes,67,Medium
C292,Lopez-Lester,Texas,20,49,4815919,11.0,0.89,852490,934492,1949,85,74,2907,2786434,90,No,59,High
C293,Moreno-Hawkins,Florida,4,31,2653346,10.53,0.31,542098,410776,1437,60,88,5584,1373262,78,Yes,67,Medium
C294,Ramirez-Anderson,Illinois,2,81,4096985,23.86,0.69,353098,588447,1991,65,63,5946,3085873,76,Yes,70,Medium
C295,"Johnson, Webster and Stanley",Georgia,7,168,3335695,24.94,0.84,304274,345783,1459,85,79,4062,1939637,90,Yes,73,Medium
C296,Walton PLC,Georgia,14,17,2635218,12.55,0.12,162925,373942,776,85,85,4670,2494071,90,No,76,Medium
C297,Miller LLC,Florida,16,213,4342095,2.32,0.16,85341,801441,1425,71,71,5830,2685064,66,Yes,59,High
C298,Christian Inc,Florida,6,191,2504865,21.59,0.14,321918,599874,1031,51,89,2078,1836995,72,No,78,Medium
C299,Herrera-Abbott,New York,20,22,2604806,14.09,0.26,240947,253987,280,59,98,860,2210262,74,Yes,70,Medium
C300,"Ingram, Gonzalez and Everett",Ohio,2,79,3331539,12.83,1.06,615434,188319,739,47,64,1489,2015410,69,Yes,51,High
C301,Sharp-Foster,California,12,180,1946653,16.22,0.29,974457,746789,1776,54,62,6880,1569515,64,No,68,Medium
C302,Kennedy Ltd,Colorado,13,97,2918534,11.97,0.97,490116,904733,357,92,81,1613,1901508,84,No,57,High
C303,Wade-Davis,California,13,163,3667104,14.48,1.04,313178,712369,156,81,83,6197,3335597,79,Yes,56,High
C304,"Rogers, Michael and Molina",Colorado,6,167,2646526,11.37,1.05,283267,925758,1810,76,97,1627,1769389,81,Yes,54,High
C305,Guzman-Pham,Florida,12,127,3763919,5.61,0.16,898114,777076,687,95,61,7860,2138705,77,No,65,Medium
C306,"Smith, Stewart and Villegas",Florida,7,68,1464548,20.94,0.9,535345,388270,854,74,64,7019,1217593,98,Yes,70,Medium
C307,"Pittman, Ruiz and Gill",Illinois,14,172,3732951,14.84,0.98,892521,198793,1391,45,97,1436,3276309,84,Yes,59,High
C308,Gregory-Nguyen,Florida,2,90,1909757,10.69,1.19,890326,268315,1096,55,81,5544,1349573,74,No,48,High
C309,Schmitt Ltd,Arizona,5,71,873080,2.35,0.98,130729,642903,143,77,97,7338,566283,85,No,48,High
C310,Williams Inc,Washington,20,247,2636155,18.39,1.09,644351,656170,1835,63,63,3327,1569142,88,No,61,Medium
C311,Rivera PLC,Illinois,8,205,2049488,10.0,0.57,36333,998764,1944,91,70,595,1940380,86,Yes,63,Medium
C312,Martin PLC,Washington,6,27,4382910,20.44,1.08,-70100,880988,254,94,87,5570,2392788,97,Yes,66,Medium
C313,Hansen-Reed,Washington,12,221,2355491,5.71,0.13,512689,236015,895,74,89,3691,2183553,89,No,69,Medium
C314,"Sullivan, Cross and Lozano",Arizona,8,65,4485772,16.99,0.33,863187,110577,429,55,92,6733,3466875,99,No,78,Medium
C315,"Hess, Evans and Branch",Georgia,3,106,4661932,20.1,0.13,85097,104858,405,80,92,3958,2535117,74,Yes,78,Medium
C316,Hall-Ford,Ohio,4,39,3778426,17.82,0.67,219441,628066,272,81,84,3222,2763509,82,Yes,67,Medium
C317,Sullivan-Hood,Georgia,20,17,4723103,18.52,0.62,479179,665753,994,53,66,2975,2374882,72,Yes,66,Medium
C318,Lopez Inc,Arizona,13,175,982776,4.36,0.77,671165,614890,741,73,68,7231,499633,77,No,52,High
C319,Perry PLC,Ohio,4,199,617876,11.93,0.52,714586,672211,1350,58,80,4038,409712,83,No,65,Medium
C320,Brown LLC,Florida,8,174,1449786,19.85,0.68,-57745,571890,1477,93,63,4809,1298030,79,No,68,Medium
C321,"Robinson, Pittman and Stewart",Colorado,7,85,1805194,16.52,1.14,715277,843251,1337,76,97,2845,1127951,68,No,52,High
C322,Edwards-Ho,Arizona,12,113,3586939,22.23,0.88,839382,901520,753,57,71,6321,2440264,61,Yes,61,Medium
C323,Vargas-Martin,Colorado,4,24,4197802,18.01,0.36,542594,225790,243,55,69,999,3606985,63,Yes,68,Medium
C324,Barnes-Mitchell,California,17,50,859903,17.11,1.12,6028,179267,479,77,89,6037,783906,78,Yes,56,High
C325,Williams Inc,Washington,7,135,1273965,21.32,1.18,30397,367955,745,91,68,5242,782422,94,Yes,64,Medium
C326,Reese-Miller,Georgia,11,249,2160591,15.84,0.6,120274,184660,410,74,96,1397,1998100,68,Yes,63,Medium
C327,"Boyd, Smith and Oliver",Florida,14,178,2436161,11.47,1.02,260982,251906,691,46,60,2616,1693342,84,Yes,55,High
C328,Rodriguez PLC,Florida,5,49,4520141,7.48,0.55,785072,950507,220,88,80,4252,3651260,65,Yes,55,High
C329,Harris-Woodard,Florida,14,103,988904,3.56,1.16,518096,700663,1628,50,60,3083,682455,85,Yes,46,High
C330,Ramirez-Vasquez,Colorado,16,81,1288052,12.56,0.4,295894,503913,1057,67,65,2838,1210996,64,No,63,Medium
C331,Munoz Inc,New York,7,210,936094,21.19,0.44,146690,852828,475,87,62,7664,582884,66,Yes,70,Medium
C332,Brown-Harrison,Florida,15,170,654155,5.96,1.0,-16308,161439,602,64,63,6638,569825,90,No,52,High
C333,Taylor LLC,Illinois,14,244,4152956,3.36,0.37,526703,920637,755,92,62,7553,3599834,63,No,55,High
C334,Richards-Kim,Washington,17,162,823907,11.2,1.11,193406,692179,542,59,82,1451,770533,78,Yes,51,High
C335,"Gibson, Flores and Singh",Arizona,15,201,829517,22.63,0.72,672109,593763,855,86,79,3821,421453,77,Yes,69,Medium
C336,Fields Ltd,Ohio,10,103,903818,23.28,0.42,658059,644410,1130,86,85,625,620454,80,Yes,77,Medium
C337,Kim-Woodard,California,14,25,4277996,5.22,0.49,-43720,741884,1268,68,79,5400,2593655,77,No,58,High
C338,Knapp LLC,Florida,2,21,4159946,7.14,1.16,48014,701739,176,61,69,3831,3677390,75,Yes,46,High
C339,Gray Group,Texas,3,91,4509876,18.49,0.58,785553,528151,1514,74,74,7322,4154546,75,Yes,68,Medium
C340,"Collins, Fitzpatrick and Callahan",California,17,214,875781,10.18,1.14,803880,105724,1568,66,83,6179,602442,63,Yes,45,High
C341,Brock Inc,Florida,9,65,4708057,19.73,0.14,470550,854511,1388,86,68,902,3986074,82,Yes,80,Low
C342,Mcneil-Sims,Colorado,12,44,1434958,9.56,0.5,634821,323571,818,45,74,6420,1013101,80,Yes,63,Medium
C343,"Smith, Arellano and Howard",California,2,17,3888319,18.9,0.3,-21869,439604,606,56,80,4901,2982773,91,Yes,78,Medium
C344,"Wilson, Martinez and Jefferson",California,20,109,2228518,22.44,0.85,-61344,773212,1615,75,88,3931,1597368,81,Yes,67,Medium
C345,West Ltd,Georgia,8,138,587004,13.86,0.26,138745,950915,968,93,73,2530,448840,95,No,76,Medium
C346,Spencer-Johnson,New York,13,150,2449610,19.44,1.16,860970,877533,550,74,97,5184,1598183,79,Yes,58,High
C347,Haynes PLC,New York,7,50,2550259,13.5,0.26,349585,872421,677,93,65,7192,1593835,63,No,66,Medium
C348,Martin Ltd,Washington,17,108,3588011,24.07,1.17,-18928,766728,1641,64,80,2550,3378462,98,Yes,68,Medium
C349,Horne Inc,Illinois,13,104,1791428,20.33,0.24,577007,541084,181,77,80,6073,1293356,83,Yes,78,Medium
C350,Martin LLC,Arizona,19,244,4988981,18.72,0.52,22484,259700,648,67,84,3780,2844375,94,Yes,75,Medium
C351,"Preston, Mcmahon and Rodriguez",Colorado,2,93,3194123,18.7,0.31,28939,520082,355,86,96,3563,2121609,63,Yes,70,Medium
C352,Robinson PLC,Texas,15,86,1328218,4.35,0.34,708329,889416,1937,68,70,7554,904381,69,Yes,58,High
C353,Ellis-Bowen,Arizona,16,132,2220859,9.5,0.53,752910,920239,750,73,94,7540,1942667,77,Yes,61,Medium
C354,Williams-Martin,Washington,6,192,3842037,4.64,0.32,579695,376529,1218,64,88,1177,3415177,71,Yes,59,High
C355,Smith and Sons,New York,16,100,744612,11.33,0.96,237145,676596,637,57,69,1334,622329,70,Yes,52,High
C356,Sims and Sons,Texas,15,246,762663,18.44,0.49,257584,553753,1068,49,72,1210,413209,61,Yes,65,Medium
C357,"Alvarez, Fitzpatrick and Burton",Georgia,7,127,3599204,13.24,0.64,844722,447420,1566,45,63,2044,2132964,83,Yes,64,Medium
C358,Mendez-Stewart,Washington,9,150,3291347,13.22,0.24,648947,627501,534,81,80,6716,2851349,73,No,69,Medium
C359,Hughes Ltd,Florida,8,250,2260854,12.55,0.24,103952,764285,1227,93,93,5386,1611158,62,No,65,Medium
C360,Wilson-Cummings,Arizona,18,137,4135117,12.57,1.06,298480,860659,594,79,64,6738,3018544,89,No,57,High
C361,"Harris, Barrett and Middleton",Georgia,16,152,2945296,2.75,0.73,887135,771074,1686,57,63,2126,2561367,99,No,58,High
C362,Garcia-Pratt,California,7,103,1763502,3.96,0.87,-22776,824211,1056,70,97,1706,1493501,81,No,50,High
C363,Mendoza LLC,Colorado,9,111,3143065,21.44,0.12,778479,701445,1542,77,70,3466,2181693,73,No,79,Medium
C364,Lewis-Sampson,Florida,15,58,521504,3.06,0.66,468363,559892,525,83,77,5196,379015,93,Yes,57,High
C365,"Herrera, Foley and Fleming",Georgia,10,217,2946682,14.63,0.76,470820,365677,1710,63,98,5220,2722567,100,No,68,Medium
C366,Willis Ltd,Arizona,8,201,2880420,6.77,0.26,524186,355398,1950,86,83,5858,2174823,68,No,61,Medium
C367,Hall-Murray,Texas,18,63,2798248,21.84,0.59,924404,511683,469,76,93,6892,1411831,87,Yes,74,Medium
C368,Gordon PLC,Washington,18,109,3806168,22.25,0.76,-45996,956093,757,79,76,5308,3308141,85,No,70,Medium
C369,"Schmidt, Sanchez and Vazquez",Washington,17,25,1766608,8.29,0.33,60217,518624,974,54,64,6893,1476280,66,No,61,Medium
C370,White LLC,Illinois,13,109,3620458,16.8,1.08,113484,724783,405,59,60,2341,3252018,81,No,58,High
C371,King and Sons,Ohio,19,180,820097,4.26,0.23,417626,967909,666,48,75,4311,654725,86,No,65,Medium
C372,Hayes-Best,Arizona,6,185,687775,23.33,0.83,864084,207406,107,49,67,6810,546374,94,No,73,Medium
C373,Thomas LLC,Texas,10,209,3677041,21.21,0.65,233728,159503,527,46,65,6241,1856326,60,Yes,64,Medium
C374,Avila-Thomas,Texas,2,60,1540161,23.01,1.11,911470,983900,354,61,86,4744,978699,92,No,66,Medium
C375,"James, Mitchell and Bean",Georgia,12,237,4130234,15.63,0.29,930785,632363,1444,87,83,1138,3880446,85,Yes,74,Medium
C376,Rangel-Roberts,Washington,12,72,4605685,4.52,0.72,416898,755431,1447,52,67,7793,4168107,94,No,58,High
C377,Campbell Ltd,Texas,7,197,3501896,2.33,0.68,343055,710549,429,59,67,5133,3288265,80,No,52,High
C378,Brown LLC,Arizona,11,46,3015072,4.7,1.0,701995,321725,344,81,80,6946,2435800,93,Yes,52,High
C379,Gibson-Johnson,Ohio,6,30,2779345,3.71,0.74,813991,311800,1611,93,93,5679,2155329,83,No,53,High
C380,"Ortega, Chavez and Walker",Georgia,7,69,4688730,18.65,0.53,40864,915288,417,65,76,6668,3508444,79,Yes,70,Medium
C381,Coleman-Brooks,Colorado,8,143,1948470,15.24,0.25,194622,795150,398,45,61,3125,998523,60,Yes,67,Medium
C382,Knox-Daniels,Florida,4,241,3052219,19.82,0.18,723901,117548,1295,52,96,1555,2831607,81,Yes,79,Medium
C383,Thomas PLC,Florida,13,52,2500549,5.19,0.67,155300,104959,548,71,87,4369,2215643,96,Yes,60,Medium
C384,Dickson and Sons,Washington,19,97,985001,12.47,0.3,-7657,926595,1126,56,70,3217,745474,75,No,68,Medium
C385,Parsons Ltd,Texas,8,238,3679927,3.91,0.22,276823,484992,700,71,70,5236,2034872,89,Yes,66,Medium
C386,Duncan-Rodriguez,Texas,18,181,567883,20.65,1.12,776205,847426,626,63,90,3899,490160,74,No,58,High
C387,"Thornton, Hernandez and Gray",California,14,188,2153303,15.07,0.16,-69921,204955,1337,72,91,1058,1394373,60,Yes,68,Medium
C388,Hill Group,Texas,8,119,3113563,2.04,0.83,535069,404991,1810,60,63,6839,1576102,72,Yes,47,High
C389,"Gonzalez, Howell and Castaneda",Florida,3,34,1068198,17.91,0.66,83491,186030,1137,52,68,5987,872080,77,No,66,Medium
C390,"Martinez, Byrd and Lopez",Illinois,19,76,1216023,16.72,0.19,-99688,153791,844,91,79,7138,852691,60,No,69,Medium
C391,"Neal, Clark and Martin",Florida,16,243,4944765,9.17,1.18,575535,192144,1831,55,65,4152,3618957,74,Yes,47,High
C392,Williams LLC,Colorado,9,244,2388138,12.79,0.66,875652,302574,1918,87,98,5664,1751734,64,Yes,58,High
C393,Smith-Tran,Georgia,17,106,3061208,6.92,0.11,931033,214820,1737,58,72,3433,2310425,65,No,64,Medium
C394,"Howard, Rodriguez and Carter",Ohio,17,232,2864041,14.29,0.99,93604,432521,1085,61,79,2490,2258516,68,No,53,High
C395,Martinez-Hernandez,Texas,13,50,2721345,11.79,0.19,-76025,297902,526,76,78,3986,1419655,71,Yes,68,Medium
C396,Fitzgerald PLC,Texas,16,210,4847333,20.31,0.8,131597,584897,1880,58,85,2971,2851203,97,Yes,71,Medium
C397,Johnson-Hart,California,8,160,500618,2.79,0.16,942493,792621,1517,73,61,5478,258658,74,No,62,Medium
C398,"Grimes, Alvarado and Keller",Colorado,6,158,2132636,21.56,1.17,884576,861429,1435,58,67,1116,1952231,73,Yes,58,High
C399,Turner-Levine,Arizona,17,104,3886059,3.83,0.51,272773,981034,180,63,60,3423,2759636,85,No,59,High
C400,Evans-Hull,California,4,38,3436221,20.46,0.98,219032,871386,1343,84,85,3415,2371733,94,Yes,67,Medium
C401,"Romero, Young and Stewart",Florida,3,88,941100,24.31,0.48,703001,437708,929,51,86,3085,645814,77,No,75,Medium
C402,Thornton Inc,Florida,4,54,3032335,22.9,1.02,-73049,692781,334,69,91,3893,1888431,93,No,68,Medium
C403,"Woodard, Diaz and Myers",Florida,12,23,2080362,2.59,0.84,482991,762127,490,56,71,2638,1071214,65,No,45,High
C404,Burgess-Walker,New York,4,156,4305191,5.78,1.07,151535,496794,249,56,72,2602,3803928,97,Yes,53,High
C405,Carr Ltd,New York,6,207,3087769,8.2,0.43,650702,164593,1911,69,93,7932,2915114,92,No,66,Medium
C406,Henderson-Vaughn,Florida,17,244,725310,21.02,1.11,873982,555054,1553,74,65,5908,409979,83,Yes,62,Medium
C407,Matthews and Sons,California,16,237,3230332,13.42,0.95,572006,474813,1783,79,95,1052,2852838,80,Yes,57,High
C408,Jackson Ltd,Arizona,16,211,4519810,19.75,1.14,940322,163492,1452,57,69,4523,2699023,78,No,58,High
C409,Foley Inc,Georgia,18,43,2878259,24.04,0.85,824492,987710,1753,64,67,762,1629085,83,No,70,Medium
C410,Lawson Inc,California,5,19,2824213,11.18,0.45,840500,190616,1346,69,71,680,2507956,74,No,63,Medium
C411,Shaw Group,Washington,11,90,3855735,2.8,0.43,713075,957482,1928,51,81,1767,2200301,87,No,60,Medium
C412,"Gaines, Gonzales and Harrington",Illinois,14,225,3727987,7.08,0.2,693544,691549,188,93,81,3368,1918678,88,Yes,69,Medium
C413,Santos-Torres,Texas,5,170,2125934,6.84,0.45,16828,456918,594,91,61,5987,1141601,96,Yes,66,Medium
C414,Padilla-Gould,Washington,19,26,2225530,17.66,0.47,562980,272194,1515,91,85,6708,1605824,70,Yes,67,Medium
C415,"Joseph, Baxter and Ryan",Washington,20,45,2297148,22.41,0.64,286324,857862,906,67,77,3333,2120275,75,Yes,70,Medium
C416,Mack-Avery,Florida,5,28,882006,21.51,1.14,468069,587665,1062,57,69,900,553936,61,Yes,55,High
C417,Wyatt-Wilson,Texas,7,108,4130922,22.18,0.74,610913,433184,1952,62,96,6005,3737671,61,Yes,63,Medium
C418,Peterson Ltd,Illinois,9,152,3873212,24.61,0.1,-23493,404532,1146,51,87,7212,2479697,66,No,80,Low
C419,Manning and Sons,Texas,11,106,605809,8.96,0.71,397301,447948,1946,57,60,3382,342323,82,Yes,58,High
C420,White and Sons,New York,2,32,713777,4.57,0.45,-76493,767525,1814,61,95,3771,461307,93,No,63,Medium
C421,Briggs-Strong,California,18,149,3994101,16.25,0.86,401787,613091,999,88,63,1767,2372696,60,No,55,High
C422,Thompson Inc,Arizona,11,70,3643017,16.58,0.34,626198,361121,419,85,62,2955,2626574,97,No,77,Medium
C423,Smith and Sons,Florida,16,21,3017228,21.36,0.15,242249,228408,1814,63,68,7046,2700835,97,Yes,85,Low
C424,Moody-Stevenson,Arizona,11,178,1854741,17.6,0.13,354296,318620,1974,76,82,2387,1070328,96,No,82,Low
C425,Perez Inc,Georgia,12,231,1316995,14.65,0.41,121345,130568,1675,64,81,2716,689830,84,Yes,70,Medium
C426,Smith and Sons,Illinois,12,234,2030534,10.11,0.49,529949,200544,1767,93,84,1507,1915869,78,Yes,63,Medium
C427,Thomas PLC,Florida,17,202,3659700,21.71,0.63,-20920,902469,253,83,69,3867,2521304,62,Yes,66,Medium
C428,Jones-Walker,Texas,9,175,1381322,19.42,0.73,468011,224592,1103,52,91,3221,975495,66,Yes,63,Medium
C429,Smith and Sons,Washington,17,135,525790,10.0,0.72,234221,222772,1304,95,72,2940,312183,79,Yes,58,High
C430,Jones and Sons,New York,10,236,1390402,20.18,0.12,574834,745558,1344,89,89,3167,816339,99,Yes,85,Low
C431,Mcconnell Inc,Florida,19,56,2343320,23.54,0.5,601395,641839,1801,70,80,5776,2126064,91,No,78,Medium
C432,Smith-Benton,Texas,20,219,3011774,18.47,0.51,964540,417564,1614,81,92,5762,1836888,90,Yes,73,Medium
C433,Summers-Lewis,Georgia,3,170,2690697,20.41,0.2,271665,938843,1477,72,96,5964,1559657,89,No,81,Low
C434,"Harmon, Stephens and Nelson",Colorado,9,191,4892076,18.2,0.68,-22427,366003,1856,88,81,5759,4554902,88,No,69,Medium
C435,Smith-Becker,Illinois,5,110,3577035,15.31,0.37,633531,683769,1626,52,77,1111,2477884,66,Yes,66,Medium
C436,Turner PLC,New York,5,247,2538795,12.05,0.39,379282,709765,1188,76,89,7630,1939654,92,No,71,Medium
C437,Jones-Garza,Ohio,13,154,1753031,19.33,1.08,590408,608247,690,79,88,1885,1232621,87,No,62,Medium
C438,Leach-Durham,Georgia,17,61,4339609,2.07,0.79,14689,504690,140,95,81,676,3786169,78,No,49,High
C439,"Collins, Parker and Butler",Colorado,10,29,3577071,21.16,0.73,978629,128243,1645,66,74,7935,2896938,69,Yes,65,Medium
C440,Gibson Group,Ohio,5,95,2386510,19.59,1.09,265916,327987,1703,62,70,7691,1710894,79,No,60,Medium
C441,Morales-Walton,Illinois,12,109,2432732,12.6,0.34,730513,499138,536,72,70,1830,1913254,64,Yes,64,Medium
C442,Price and Sons,Florida,20,236,3419155,23.36,0.57,664683,226779,840,65,67,3237,1865677,61,No,68,Medium
C443,"Miles, Taylor and Pearson",Arizona,5,220,2265649,3.54,0.36,-46786,753323,1383,65,98,4201,1196259,87,Yes,62,Medium
C444,Palmer-Duke,Ohio,17,198,1542050,8.16,0.46,487769,719722,1063,55,60,4504,1225533,92,No,66,Medium
C445,"Miller, Flores and Leblanc",New York,2,199,2401876,5.44,0.98,-53769,393331,1274,77,75,6053,1940068,77,No,48,High
C446,Brown and Sons,Ohio,19,161,4890895,20.16,0.27,10134,475587,545,68,97,5830,4521603,60,Yes,71,Medium
C447,Anthony-Thomas,Ohio,17,80,2738271,13.5,1.0,418892,703434,196,73,77,7611,2013595,89,No,59,High
C448,Barker-Owens,Arizona,15,15,4645471,13.57,0.2,553560,174961,376,83,70,6398,3432843,94,Yes,76,Medium
C449,Bell-Oconnor,Texas,15,108,4686308,17.0,0.13,266355,406846,1527,55,85,1349,2854490,79,No,76,Medium
C450,Solis-Perkins,California,6,167,3338963,10.36,0.92,78861,502796,1844,64,71,3472,2971641,76,No,54,High
C451,Hernandez-Ewing,Ohio,5,237,3562803,6.45,0.27,786066,460355,1941,87,86,1742,2269381,62,Yes,59,High
C452,Christensen Group,Washington,17,103,1252390,14.88,0.83,264921,613554,741,53,76,3241,827944,87,Yes,63,Medium
C453,Reyes and Sons,Florida,14,92,4921814,2.96,0.11,17491,454099,1074,93,62,1919,2945987,80,Yes,64,Medium
C454,Dunlap PLC,New York,4,94,2118886,20.24,0.43,665473,601327,193,61,90,4454,1136026,88,No,76,Medium
C455,Garcia LLC,Washington,14,165,4690936,21.37,0.95,673645,104568,143,93,60,3704,3733438,67,No,60,Medium
C456,Perez and Sons,Illinois,16,60,4431796,6.62,0.66,552369,301702,378,66,84,2121,3548065,63,No,52,High
C457,Weaver LLC,Georgia,5,153,3940897,22.92,1.05,95965,896877,1504,65,81,1667,2320916,63,No,59,High
C458,Harris and Sons,Colorado,14,129,1660585,21.87,1.2,280460,641292,1743,86,78,981,1383590,93,Yes,64,Medium
C459,"Jackson, Harper and Velez",Arizona,16,76,2356983,14.67,0.32,44056,104228,888,61,61,4355,1775590,67,No,67,Medium
C460,Arnold Group,Illinois,14,155,1980006,4.02,0.64,785838,555415,222,46,61,3138,1385859,86,No,57,High
C461,"Farrell, Quinn and Bruce",Georgia,7,225,3787321,18.13,0.82,375796,503545,811,91,65,5232,2382617,75,Yes,62,Medium
C462,Franklin and Sons,Arizona,16,28,3344220,18.25,0.56,860830,199044,1213,53,94,6078,2205343,84,Yes,70,Medium
C463,Coffey and Sons,Illinois,5,157,3379437,8.95,0.37,336905,949790,1674,83,87,3826,2055538,93,Yes,69,Medium
C464,Mullins Group,Texas,4,133,4954434,9.51,1.09,849184,689301,1897,77,66,869,4385147,87,No,53,High
C465,Stevens-Smith,Georgia,5,125,4968831,24.03,0.5,753138,585963,757,83,80,4261,3994088,68,No,72,Medium
C466,Mata-Dawson,California,9,141,2514304,15.83,0.76,27739,976529,1049,65,81,6156,1557980,65,No,59,High
C467,Paul Ltd,Arizona,14,88,3520793,4.4,0.83,739137,983311,160,77,87,2809,1895469,98,Yes,57,High
C468,Ferguson and Sons,Illinois,10,244,3787923,9.11,0.49,332449,500380,1829,48,95,2074,3476254,79,Yes,62,Medium
C469,"Guzman, Martinez and Mcfarland",Illinois,15,163,4479111,24.15,0.29,-50089,193548,1634,75,61,2891,2286749,79,No,80,Low
C470,"Hickman, Petersen and Fuller",Washington,11,103,2977153,16.98,0.25,198928,375863,1995,94,92,4125,1936149,74,Yes,72,Medium
C471,Cook Group,Ohio,5,17,1070626,19.36,1.06,65169,433062,905,46,78,6622,752098,71,Yes,58,High
C472,Mccoy-Taylor,Texas,8,91,2877131,17.09,0.76,617969,257418,740,86,81,6143,1845571,62,Yes,59,High
C473,Brown-Newton,Illinois,7,193,4058012,17.05,0.64,163195,732126,815,55,93,4460,2674683,83,Yes,67,Medium
C474,Decker-Elliott,Washington,14,166,4759892,7.93,1.05,423448,644415,745,71,95,4680,4296851,99,No,56,High
C475,Smith and Sons,New York,18,46,1111329,5.4,0.54,767373,415152,653,82,96,2538,650442,64,Yes,53,High
C476,"Pratt, Collins and Hernandez",Illinois,19,191,3021275,2.79,1.05,864812,356041,224,51,72,1630,2771519,80,Yes,46,High
C477,Nelson PLC,Florida,19,194,2693985,3.63,0.56,400388,213352,1103,93,69,5121,1727469,98,No,61,Medium
C478,"Ingram, Waller and Nguyen",Arizona,17,237,3949387,13.0,0.7,528391,630888,128,91,63,5975,3257571,91,Yes,65,Medium
C479,Daniels LLC,Washington,16,186,1576772,15.37,0.7,-83904,150362,425,67,65,2829,1061704,61,Yes,58,High
C480,"Santos, Hall and Wood",California,12,60,3466922,17.34,0.22,362153,616341,1114,62,89,786,1906418,78,Yes,75,Medium
C481,Aguilar LLC,Colorado,16,220,1465877,21.27,0.17,338657,660250,1431,69,86,4263,1228898,81,No,80,Low
C482,"Hawkins, Hahn and Marsh",Florida,4,79,1400533,10.52,0.51,698801,871145,366,68,88,545,881764,65,No,59,High
C483,Walker-Parks,Florida,15,115,2370202,16.58,0.18,734613,966831,904,81,78,2273,1790360,84,No,77,Medium
C484,Gonzalez Ltd,New York,5,183,2051681,17.18,0.42,-18718,830177,1916,74,98,2950,1816401,85,No,73,Medium
C485,Mathis-Jones,Washington,6,162,2027954,3.59,0.63,155431,692918,1542,65,76,5532,1028716,89,No,57,High
C486,Torres Ltd,Florida,7,247,2746446,22.55,0.14,127477,116509,647,45,80,933,1901582,87,No,84,Low
C487,"Jackson, Trevino and Smith",Arizona,11,89,1694050,7.93,0.49,717834,157735,556,60,78,4474,1349318,61,No,56,High
C488,Orozco-Miller,New York,18,15,3592505,10.65,0.87,754019,147740,521,92,61,4627,2310916,97,No,61,Medium
C489,Smith Ltd,Ohio,19,119,2595437,10.81,1.16,849727,310481,1486,88,88,5013,1444724,60,No,45,High
C490,Parsons-Mcfarland,Ohio,11,219,4658469,12.19,0.72,473934,526715,1100,95,83,760,4350662,86,No,62,Medium
C491,Drake Group,Arizona,16,201,3594621,13.76,0.2,956077,713368,1626,55,91,5165,2651245,84,Yes,74,Medium
C492,Jackson Ltd,Ohio,20,237,1435555,14.53,1.04,309796,384440,664,70,72,2805,834213,89,Yes,59,High
C493,"Harris, Orr and Brown",Washington,8,27,3229630,5.08,0.12,469619,540026,1241,61,64,1935,1842288,84,No,67,Medium
C494,Harrison-Jimenez,Florida,11,138,2637472,4.1,0.22,424672,857423,900,52,63,4214,2090695,69,No,60,Medium
C495,Wong PLC,Texas,14,218,4268948,12.8,0.59,963416,204657,1176,70,70,4307,2899525,82,Yes,64,Medium
C496,Grimes-Black,Illinois,19,229,3778835,2.13,1.2,885347,909664,268,49,78,5054,2209048,76,No,41,High
C497,Bond-Jones,California,20,51,1338932,13.51,1.02,-96678,951327,1693,80,89,7996,911998,87,Yes,58,High
C498,"Moran, Meyers and Thompson",Washington,10,24,4355121,4.86,0.19,640341,182201,999,60,73,4800,2525244,95,No,69,Medium
C499,"Bailey, Garcia and Dalton",Washington,17,155,2096426,10.69,1.03,122272,941183,1245,59,64,3441,1143894,75,Yes,52,High
C500,"Coleman, Harris and Tucker",Arizona,14,133,4189505,18.1,0.17,590246,455868,1431,79,95,3925,3873924,99,Yes,83,Low
